<?xml version="1.0" encoding="UTF-8"?>
<configuration>

    <property value="logs/errors.log" name="FILE_LOG" />

    <appender name="CONSOLE" class="ch.qos.logback.core.ConsoleAppender">
        <encoder>
            <pattern>%d{E HH:mm:ss dd/MM/yyyy} [%thread] %-5p [%M] - %msg%n</pattern>
        </encoder>
    </appender>

    <appender name="FILE" class="ch.qos.logback.core.rolling.RollingFileAppender">
        <file>${FILE_LOG}</file>
        <rollingPolicy class="ch.qos.logback.core.rolling.SizeAndTimeBasedRollingPolicy">
            <fileNamePattern>logs/archived/app.%d{yyyy-MM-dd}.%i.log.gz</fileNamePattern>
            <maxFileSize>1MB</maxFileSize>
            <totalSizeCap>20GB</totalSizeCap>
            <maxHistory>60</maxHistory>
        </rollingPolicy>
        <filter class="ch.qos.logback.classic.filter.ThresholdFilter">
            <level>warn</level>
        </filter>
        <encoder>
            <pattern>%d{E} %d{HH:mm:ss dd/MM/yyyy} [%thread] %-5p [%M] - %msg%n</pattern>
        </encoder>
    </appender>

    <root level="INFO">
        <appender-ref ref="CONSOLE" />
        <appender-ref ref="FILE" />
    </root>

</configuration>