UI123456789DAI,Gaurav Mishra,1/31/2000,ABXYD5685A,30000,5103,Self,HDFC,HDFC700154127456,Private
UI159357741DAI,Shivam Patwal,1/30/2000,EHNPO7865X,29000,4136,Self,PNB,PNB6547539514568,Public
UI357159456DAI,Atri Raha,1/29/2000,NIHGF4532U,27956,3065,Family,SBI,SBI7413698523576,Public
UI369756984DAI,Rashmi Ranjan,1/28/2000,ERDTG3654H,30000,5013,Self,ICICI,ICICI45635798715,Private
UI369741951DAI,Nikita Rathore,1/27/2000,ASFGB3245X,35000,8134,Self,Indian Bank,IB02589510354167,Public
UI365412987DAI,Sanket Singla,1/26/2000,MNOIU4546F,28000,3546,Family,Axis,AXB6548793285746,Private
UI456357951DAI,Ayush Pandey,1/25/2000,ASDEF3248Y,31000,5596,Self,Yes,YSB8523571456983,Private
UI741369864DAI,Abhinav Singh,1/24/2000,XBNVS7631Y,25000,2865,Family,PNB,PNB3698524569872,Public
UI748596354DAI,Saurabh Singh,1/23/2000,QWERT6701Y,32000,6156,Self,HDFC,HDFC285697413645,Private
UI746983512DAI,Abhishek Suman,1/22/2000,YTREW2431Q,35687,8236,Self,Oriental Bank of Commerce,OBC3579514569876,Public
UI369571582DAI,Bhavya,1/21/2000,MNBGH4295T,28765,4569,Self,Central Bank,CC14585236974125,Public
UI745365214DAI,Shreya Pandey,1/20/2000,GFOUG7609Y,26984,4258,Family,Bandhan Bank,BB69371482580231,Private
UI365491572DAI,Arusha Pandey,1/19/2000,CXVFD2008Q,30004,5005,Self,Allahabad,ALLB853697456824,Public
UI476325485DAI,Amit Singh,1/18/2000,GHFJX6754Q,32458,6005,Self,BOB,BOB6548523571593,Public
UI647534867DAI,Hridhaan Mishra,1/17/2000,YXZER3208Q,30204,5250,Self,Axis,AXB3698214796743,Private
UI135186513DAI,Keti,1/16/2000,POXZQ6595Y,28009,4896,Family,PNB,PNB4569537153285,Public
UI486443654DAI,Vibhu Tondon,1/15/2000,ZXQYX4567H,26988,4265,Family,SBI,SBI9685253614527,Public
UI698486523DAI,Nimish Singh,1/14/2000,ELMNH2076I,27654,3765,Family,HDFC,HDFC325874969513,Private
UI687638186DAI,Aviral Pandey,1/13/2000,AXCNZ6589F,29684,4963,Family,Co-Operative Bank,COB6596351245758,Public
UI200561145DAI,Jai Singh,1/12/2000,XJQYS8254C,31658,5296,Self,HDFC,HDFC361474868459,Private
